Method,MSE,PSNR_dB
Global,3849.781377,12.276443
Local,3083.535988,13.240313
