Method,MSE,PSNR_dB
Global,3849.781377,12.276443
Local,3134.516510,13.169098
