Method,MSE,PSNR_dB
Global,3859.066369,12.265981
Local,4755.470377,11.358869
