Method,MSE,PSNR_dB
Global,3849.781377,12.276443
Local,3414.859129,12.797076
