Method,MSE,PSNR_dB
Global,3852.200709,12.273715
Local,3719.968475,12.425411
